daniel,pmWkWSBCL51Bfkhn79xPuKBKHz//H6B+mY6G9/eieuM=
dan,pmWkWSBCL51Bfkhn79xPuKBKHz//H6B+mY6G9/eieuM=
danioelll4#,pmWkWSBCL51Bfkhn79xPuKBKHz//H6B+mY6G9/eieuM=
d,GKw+c0PwFokMUQ6T+TUmEWnZ4/VlQ2Qpgw+vCTT0+OQ=
1,UOch5JwBPwDGLPWfIWNUKp2N8CRk7+thXTEFGw/dwyY=
s,qqlAJmTxpB9A67xSyZk+tmrrNmYClY/fqig7ceZNsSM=
f,qqlAJmTxpB9A67xSyZk+tmrrNmYClY/fqig7ceZNsSM=
2,SyJ3d9TdH8Ycb4hPSGQdArTRIdP9Moywi1Ux/Kzav4o=
dannnnnnn,1HNeOiZeFu7gP1lxi5tdAwGcB9i2xR+Q2jpmbuwTqzU=
k,C/6TXnDDIcfKOvx1zg0MovmLVCLgCLsxwAxtfx8cCtY=
j,GKw+c0PwFokMUQ6T+TUmEWnZ4/VlQ2Qpgw+vCTT0+OQ=
7,GJ9AA0vnoZnx+piRZo7jq2BJ+C04xovnD1luqy4YV7c=
5,7y0SfeN7lCuq0GFF5UsMYZofIjJ7LrvPvsePVWSv450=
u,zQqphWFHtsW0/yt9/uXaIKo4JTCZ7xtKZKztIzya/ik=
e,GKw+c0PwFokMUQ6T+TUmEWnZ4/VlQ2Qpgw+vCTT0+OQ=
g,ypeBEsobvcr6wjGzmiPcTaeG7/gUfE5yuYB3ha/uSLs=
dd,GKw+c0PwFokMUQ6T+TUmEWnZ4/VlQ2Qpgw+vCTT0+OQ=
c,1HNeOiZeFu7gP1lxi5tdAwGcB9i2xR+Q2jpmbuwTqzU=
l,TJRIXgwhrmxBzh3+e2v6zupato5AokdvUCCOUm9QYIA=
t,BDpxh3TFcr2KJa2+sb/NXAJWrhHOz5+cP5JdDlK+r4k=
z,WU5RmuSZMSspQzt92Kl/8Gje/LqXVbbV0A6ExSTWewY=
v,TJRIXgwhrmxBzh3+e2v6zupato5AokdvUCCOUm9QYIA=
,,0DUCxD10owuTZ0CpUX3E6isq1xaMqgp3TO/nk84LM+c=
a,ypeBEsobvcr6wjGzmiPcTaeG7/gUfE5yuYB3ha/uSLs=
4,5/bAEXdujbfNMwtUF0/Xb30CFrYSOHpf/PuB5vCRloM=
],z64NQkj3FC97F/gmzXpRkoDjEld2kOlXgw0j3PNaP/8=
TestUser1,PMkpHYOLWprMeq8fL8mjpbDbrs9D3/qGwij8ITpZCTE=
TestUser2,IE3pBLD+Bn1Wk6mDGPMH0PWe4paSDJgyxcpLnzVdXh4=
UserTest,n4bQgYhMfWWaL+qgxVrQFaO/TxsrC4Is0V1sFbDwCgg=
